name;lat;long
École 1 de dionewar;13.858884899773953;-16.722522699999995
École Franco arabe de Dionware;13.884488299776878;-16.729323899999997
Jardin d'enfants;13.933533899782491;-16.7627163
École primaire Renoit Warnotte de Djifer;13.938495899783057;-16.761575499999996
École arabe Aita Malick Faye;13.934816399782639;-16.7622182
École Franco arabe;13.938195199783024;-16.7629756
École primaire de Falia;13.94267619978354;-16.716083799999996
École Arabe de Falia;13.92008549978095;-16.6794076
Centre d'éveil communautaire de falia;13.918624299780783;-16.6790104
Collège de mboundé;13.957947399785292;-16.656091300000003
École primaire Moundé;13.955987399785066;-16.6497279
École arabe;13.955619199785021;-16.649525
Ecole primaire de Siwo;13.909173299779704;-16.655903799999997
École élémentaire;13.908801199779658;-16.6557989
École franco arabe;13.907906099779558;-16.653415299999995
École élémentaire de Thialane;13.926242899781652;-16.621399
École Arabe de Thialane;13.926473899781682;-16.6219058
École primaire;13.920538099781;-16.609102699999998
Foyer socio culturel de Bassar;13.92097549978105;-16.610265899999998
École Arabe de Djirnda;13.979368799787752;-16.6098748
Établissement scolaire;13.98391169978827;-16.6061274
École primaire franco-arabe de Bassoul;13.929199599781994;-16.5918665
École primaire 2 de Bassoul;13.927788099781832;-16.590043800000004
École élémentaire de bassouk;13.924220099781424;-16.5928546
Abc learning centre;13.447802599727728;-16.7061984
Al-Salam Center Quaranic memorization center;13.432570399726043;-16.710666699999997
Charles Jaw Memorial Academy;13.417905799724426;-16.678956
Tallinding school;13.433476899726147;-16.6694237
St Theresa's School;13.446834299727621;-16.6760761
Ecole Française;13.469801399730164;-16.693688199999997
Banjul American International School (BAIS);13.477712199731043;-16.6839363
West African International School;13.466375199729786;-16.674765100000002
president international award skills;13.468764299730049;-16.6742991
Greater Banjul Upper Basic school;13.46406819972953;-16.6790111
Deeper Life Nursery School;13.452311399728227;-16.6816614
Management Development Institute;13.458258299728888;-16.676202499999995
إنشاء جامعة;13.239251999704871;-16.5068622
Lower Basic School;13.271102499708334;-16.531226599999997
Lower Basic School;13.183538399698843;-16.4908862
Busura Lower Basic School;13.189711299699512;-16.6290436
School Marang Beyai Kindergarden;13.272596799708495;-16.635913499999997
Lower Basic School;13.24883319970591;-16.6912472
Marakissa Lower Basic School;13.210602099701763;-16.6508987
Lower Basic School;13.224650599703287;-16.6652941
Darsalami Lower Basic School;13.17635129969807;-16.659286
Upper Basic School;13.188227499699348;-16.691003699999996
Lower Basic School;13.142789999694452;-16.743711199999996
Sambuya Skagen Basic Cycle School;13.207239599701403;-16.7756692
Seven Days Advantist SDA;13.230136899703886;-16.7573792
Lower Basic School;13.220848599702876;-16.7138529
Alhagi Musa Manneh Islamic;13.34244349971613;-16.7561173
NULL;13.310662599712648;-16.7513633
كلية الإمام البخاري -غامبيا;13.29061059971046;-16.7261996
School for Blinds;13.274639199708718;-16.641167
MingDaw Junior & Senior school;13.321679699713854;-16.665830499999995
Old yundum school;13.369081799719048;-16.6797834
masroor SSS;13.369405599719087;-16.679389899999997
Abuko upper basic;13.398121299722245;-16.6608035
Kinderen van Lamin;13.387480599721073;-16.6374188
Scott`s Rainbow Nursery School;13.3904850997214;-16.6808323
Bymyra International school;13.413379199723925;-16.6879348
Sukuta Lower Basic School;13.416080699724226;-16.7054456
Buckinham school;13.398022899722235;-16.727378899999998
Bursubi;13.395541499721958;-16.73685
Brufut Lower Basic School;13.380835899720342;-16.7542599
Aja Fatou Bah Nursery School;13.383308499720613;-16.7488891
Brufut Senior Secondary School;13.397387999722163;-16.7474028
Brufut Upper and Senior Secondary School;13.396532199722069;-16.752236299999996
Ousman Bun Afan Basic Cycle And Senior Secondary School;13.35186879971716;-16.789154899999996
Tanji Lower Basic School;13.351418199717108;-16.7836911
Bendula Project;13.351255399717092;-16.783301799999997
Satang Diabang;12.927099999671551;-16.739629999999995
Saint Martin's School;13.091611799688971;-16.759783899999995
Kartong Youth Hall;13.091444799688954;-16.7592004
Arabic school;13.094247899689252;-16.7636549
Ecole Especial;12.559489199633882;-16.6990854
NULL;12.487421199626722;-16.5443473
Ecole Elémentaire Edouard Diatta;12.488192199626798;-16.5458193
Ecole primaire du Cap Skirring;12.390461999617203;-16.739613599999995
Ecole primaire Carrefour;12.37622819961582;-16.7252699
Collège d'Elinkine;12.511209399629074;-16.6510447
Ecole d'Elinkine;12.507091899628668;-16.663062099999998
École Tambanaba;12.673181699645337;-15.5519515
Lycée;12.833469199661787;-15.978297300000001
Marsassoum Elementary School;12.83118819966155;-15.976924200000001
Primary School;12.578673099635804;-16.1080599
Ecole primaire de Badiate-Grand;12.517599999629711;-16.3909
NULL;12.503424599628307;-16.3805514
Ecole;12.499199999627887;-16.342859999999998
Ecole Publique d'Affiniam;12.653083899643303;-16.363758
NULL;12.584089999636348;-16.2685238
Complexe TOuti;12.578081199635744;-16.266432399999996
Centre de Developpement des tous Petits;12.57530429963547;-16.269668299999996
daara zaîd ibn sabit;12.57686589963562;-16.2784971
Ecole primaire Badara Konte;12.576417199635578;-16.2788501
Ecole primaire Moussa Barry;12.576414899635584;-16.2783953
Association pour l'emploi et le developpement;12.574572299635392;-16.2879986
Ecole Privée Cheikh Sidou Ameth Aidara;12.573660699635303;-16.283897899999996
Madrassatoun Daaroul Hadith Borom Daradji;12.568206899634758;-16.2849933
Collège Aghora School;12.558166899633752;-16.2888569
Ecole Maternelle Publique de Néma;12.566381399634574;-16.2770882
Ecole de Formation en Hôtellerie;12.566016699634536;-16.2771166
Institut de beauté le Signard;12.56583199963452;-16.277107799999996
Collège Privé Nelson Mandéla;12.56942719963488;-16.2638183
Prescolaire Nayoncle;12.567638599634702;-16.2652841
Ecole Robert Sagna;12.566127799634549;-16.2643626
Case des Tout-Petits de KANDE ALASSANE;12.56796279963473;-16.2489747
NULL;12.569711799634906;-16.2527062
Ecole primaire Luck Mendy;12.57224139963516;-16.2525965
Institut Supérieur d'Entreprenership et de Gestion;12.576026899635538;-16.263317499999996
CEM Kandé;12.57512839963545;-16.2578062
Bassembo Diandy;12.576638699635598;-16.254557199999997
Ecole primaire de Goumel;12.583059099636245;-16.2516231
Collége de Goumel;12.582377899636175;-16.250822299999996
CEDNTRE DE FORMATION POLYTECHNIQUE DE SINDIAN;12.966680499675713;-16.1804744
COPI;12.967671299675816;-16.182025699999997
SINDIAN2;12.97065719967613;-16.1808474
Ecole Coranique Dahara Moderne;12.863265099664881;-15.944088399999998
Lower Basic School;13.189585599699491;-16.1799133
NULL;13.23599259970452;-16.0862446
NULL;13.170008699697387;-15.923231499999996
NULL;13.234363299704343;-15.915268099999997
Sibanor Lower Basic School;13.209581699701658;-16.1935668
Lower Basic School;13.181641999698638;-16.2470144
Lower Basic School;13.22853469970371;-16.271918
Lower Basic School;13.24246119970522;-16.3111374
Berefet Lower Basic School;13.24331779970531;-16.3805319
Sutusinjang Basic Cycle School;13.184475999698943;-16.3809743
Islamic Lower Basic School;13.18752309969927;-16.3814843
Lower Basic School;13.21606839970236;-16.4759152
Ecole Keur Aïp Ka;13.653670599750702;-16.3266841
Ecole Daga Ndoup;13.67684829975331;-16.350494
École primaire Karang Poste;13.600197299744696;-16.4408438
École arabe de Karang Socé;13.600521199744732;-16.4440316
École Karang 4;13.599963899744672;-16.4211598
École Karang 1;13.602775799744988;-16.4248387
Darou Mérina;13.612725499746102;-16.424859
Lycée mixte de Karang;13.611749699745994;-16.4220758
École Karang 2;13.594531399744065;-16.4251003
Kerr Sanyang Basic Cycle School;13.574564199741827;-16.4575963
Ecole Médina Santhie;13.712562899757343;-16.4122117
Ecole Keur Lahine Fatim;13.735022199759882;-16.387091399999996
Ecole Pakala;13.743680099760859;-16.3612872
Ecole Primaire;13.791243999766255;-16.4745787
Ecole Maternelle;13.790961399766223;-16.4754976
Ecole Cora;13.793120299766466;-16.4761664
Sainte thérése de l'enfant jésus;13.883854899776802;-16.3748136
Ecole primaire;13.87802349977614;-16.3745615
Ecole primaire;13.877997399776135;-16.367689699999996
École primaire Thiakho macoumba;13.931050499782206;-16.312726
Lycée de Passy;13.978995599787703;-16.268668399999996
NULL;13.783488799765372;-16.2319203
Lycée de ndoffane;13.917723099780682;-15.932742300000001
NULL;13.935532799782722;-15.9474626
École 3;13.918960299780819;-15.931711699999996
École 3;13.918787299780801;-15.931952
NULL;13.918014799780714;-15.927826200000002
École privée catholique notre dame de laghem;13.91677599978057;-15.9267659
École 1;13.919888299780927;-15.924621899999998
École Ndoffane 1;13.91982319978092;-15.924209399999999
École 2;13.924420499781444;-15.919449499999997
Cem ndoffane laghen;13.911910399780016;-15.9194106
École 2;13.91426289978028;-15.919948500000002
NULL;13.913250599780168;-15.927204100000003
ECOLE ELEMENTAIRE EL I NIASSE;13.764177299763183;-15.9054539
LYCEE DE TAIBA NIASSENE;13.767042999763508;-15.9053922
DAARA MODERNE;13.765927999763381;-15.900542699999997
ECOLE PRIVEE;13.762728899763017;-15.903444900000002
ECOLE PRIVEE ARABE;13.758174899762505;-15.901444000000001
ECOLE PRIMAIRE DE TAIBA NIASSENE;13.755454999762195;-15.9039223
Njawara Basic Cycle and Senior Secondary School;13.573355999741695;-16.076454699999996
Suwareh Kunda Nursery School;13.503732399733932;-16.0812796
Kerewan Basic Cycle School;13.492249399732659;-16.0876146
Kerewan Senior Secondary School;13.493135599732753;-16.0877849
Kerewan Nursery School;13.492867399732726;-16.0884983
Ballinhor LBS;13.494865499732946;-15.6093761
Kubandarr LBS;13.539954599737966;-15.635308499999999
Illiassa Secondary School;13.562683299740499;-15.746703499999999
Macca Farafenni LBS;13.573102299741665;-15.637667999999996
Mama Tamba Nursery School;13.563310799740568;-15.750230400000001
Illiassa Basic Cycle School;13.56276239974051;-15.753615499999999
NULL;13.567075499740987;-15.7945338
NULL;13.949228199784288;-15.659159999999998
NULL;13.769464399763782;-15.583144199999998
NULL;13.768917599763721;-15.5836625
Farafenni Lower Basic School;13.571900899741527;-15.5968275
Anglican Training Center;13.564724099740728;-15.592755500000003
Madrassas;13.561867699740413;-15.5957388
Soma new lower basic school;13.433921799726194;-15.5329131
Karantaba Lower Basic School;13.443167899727218;-15.5157913
NULL;13.312534499712857;-15.884022000000002
NULL;13.301864799711687;-15.870849399999997
Nioro Jattaba Upper & Senior Secondary School;13.292659799710684;-15.8291918
Nioro Jattaba Lower Basic School;13.29266359971068;-15.8299489
Sillacounda Ecole Elementaire;13.069724199686634;-15.299480799999996
Ecole Joseph Baldé;12.88251669966689;-14.939908999999997
Groupe Scolaire Wakilo;12.90243639966897;-14.9407849
École Élémentaire Sikolo Nord;12.90746569966949;-14.92729
École Élémentaire de Hilele;12.89487959966818;-14.9273317
École élémentaire Amadou Michel Diop;12.886603599667314;-14.9310237
École Élémentaire Moussa Camara;12.882929999666931;-14.9259515
El HADJI Alpha Coumbarou Cissé;12.87812339966643;-14.912709100000002
Kudang Lower Basic School;13.664031399751869;-15.061521700000002
Kudang Upper Basic School;13.66421389975189;-15.062822600000002
NULL;13.978727399787676;-14.7961351
Jurumeh Koto Basic Cycle School;13.578833799742302;-14.781447100000001
Medina Full Cycle School;13.696583099755536;-14.880789500000002
Janjanbureh Upper Basic School;13.542532699738254;-14.7694482
Armitage Upper Basic School;13.542313099738227;-14.7680547
Tamba San Sang Lower Basic School;13.376868599719904;-14.1588114
Saint George's Lower Basic School;13.297364999711196;-14.2064758
Saint George's Technical, Junior & Senior Secondary School;13.298385099711307;-14.21011
Nasir Ahmadiyya Muslim Senior Secondary School;13.299942699711476;-14.202188899999998
Kaba Kama Chigambas Nursery School;13.301869299711688;-14.2022587
Teacher Anna Skills Centre;13.302368299711745;-14.2025866
Ecole Elementaire Sare Boido Maly;13.13145819969324;-14.3355268
Ecole Elementaire Linguedie;13.187588499699283;-14.359884
Ecole Elementaire Piaye Boure;13.152879099695538;-14.3934733
Ecole Elementaire Sare Ndoumbe;13.221720599702971;-14.397471900000001
Sare Soffie Basic Cycle School;13.414682199724068;-14.521405199999998
École Élémentaire de Konadji;13.1710874996975;-14.575752500000002
CEM Fafacourou;13.060362499685636;-14.5592414
École Primaire Fafacourou;13.061084699685715;-14.558771799999997
École Élémentaire Saré Dickel;13.038640799683327;-14.639773799999997
Ecole Elementaire Sare Amadou;12.873476199665946;-14.322270799999998
Ecole Elementaire Mediyana Aliou Samba;12.845369299663021;-14.3140443
Ecole Elementaire Sinthiang Nafa;12.906042299669345;-14.296254799999998
Ecole Elementaire Mampatim;12.889491699667618;-14.340433499999994
Ecole Elementaire Sare Meta;12.897301699668432;-14.3344565
Ecole Elementaire Sare Bouty;12.943528099673275;-14.292098999999999
Ecole Elementaire Sare Alette;12.939933599672898;-14.2968452
Ecole Elementaire Sinthiang Soukel;12.968248299675876;-14.358498699999997
Ecole Elementaire Sare Pathe Bouya;12.946978099673638;-14.3617921
Ecole Elementaire Mediyana Aliou Samba;12.943803999673303;-14.3910065
Ecole Elementaire Sare Boido Pithiame;13.010457999680337;-14.401292599999998
Ecole Elementaire Diankacounda Taba;13.012328299680537;-14.387727700000001
Ecole Elementaire Diankacounda Mandingue;13.000797199679313;-14.384041799999997
Ecole Elementaire Diankacounda Oguel;13.011408599680436;-14.3612793
Ecole Elementaire Darsalam Mamadou Toure;13.039357699683402;-14.3534296
Ecole Elementaire Médina Ndiobo;13.047873899684308;-14.354055499999998
Ecole Elementaire Fafacourou;13.053761599684936;-14.4196901
École primaire Saré Samba Tening;13.065544899686186;-14.3990249
Ecole Elementaire Velingara Diouhe;13.064664199686094;-14.3976001
Ecole Elementaire Sare Tening;13.079624199687688;-14.3576491
Ecole Elementaire Sinthiang Sadio;12.914676399670249;-14.276448499999999
Ecole Elementaire Sare Yero Oussou;12.918766699670677;-14.2694743
Ecole Elementaire Sinthiang Kelefa;12.82560169966097;-14.249631499999998
Ecole Elementaire Mediyana Aliou Samba;12.788157499657101;-14.329752699999997
Ecole Elementaire Mediyana Aliou Samba;12.78666859965695;-14.348269000000002
Ecole Elementaire Mediyana Aliou Samba;12.80230259965856;-14.3477942
Ecole Elementaire Sare Ndeyla;12.814429399659815;-14.358645799999998
NULL;12.702754199648346;-15.0670476
NULL;12.83485279966193;-11.7645583
SATADOUGOU;12.61258329963921;-11.4138167
DIOULAFOUNDOU MANAKOTO;12.72621669965074;-11.3878
FADOUGOU;12.538644099631806;-11.3836423
MAHINAMINE;12.920160599670824;-11.378838299999998
MADINANDING;12.906046799669348;-11.391156099999998
KENIEKO;13.198683299700479;-11.500283299999998
BEROLA (Dialafara);13.3986332997223;-11.63615
FARINKOUNDA;13.424516699725157;-11.7286667
Keniekenieba;13.3740932997196;-11.8671935
Ecole Spiritain et Casque Verts;12.760211599654225;-12.2415521
School of Dar Salam;12.53066349963101;-12.236938
CEM de Kabendou;12.903554799669086;-14.1218922
Ecole elementaire 2 de Kabendou;12.908344499669585;-14.118665499999999
Ecole elementaire Hadia mahawa guirassy de KABENDOU;12.915920999670384;-14.121733899999999
Garawol upper basic school;13.405211599723023;-13.938600599999997
Song Kunda Lower Basic Cycle School;13.381293499720393;-13.849743899999998
NULL;13.257956199706905;-13.905421800000001
NULL;13.331641799714946;-13.8211441
Ecole élémentaire Moriba DIARRA de BOTOU;13.808224999768186;-13.5788443
koina arabic school;13.47622359973088;-13.8603372
NULL;13.449384499727904;-13.9554834
NULL;14.069496899798128;-13.1357395
Daara moderne;15.295764899942233;-13.964246
École primaire de Siviabé;15.244867399936226;-13.876920199999999
Elementary School;16.068329700032344;-13.836830199999998
NULL;16.102215500036227;-13.945754399999998
Case des tout petits;16.061536500031565;-13.8120941
Collège;15.891354100011945;-13.497268699999998
Ecole 1;15.886760500011421;-13.490779299999998
Lycee de Kanel;15.476498599963518;-13.178780799999998
College de Kanel;15.486326299964675;-13.184811
NULL;15.488274099964901;-13.17446
Centre De Formation Professionnelle D’Ourossogui;15.609210099979094;-13.3286062
Lycée;15.376810199951786;-13.144456499999999
Sangalou;14.719437099874135;-12.2060705
FEGUI;14.623333299862809;-12.1481833
SALAHI WANADIAHI;14.623333299862809;-12.1481833
MANAHARA AL HOUDA FEGUI;14.623333299862809;-12.1481833
MANAHARA AL HOUDA;14.623333299862809;-12.1481833
SOLAHI WANANDJAHI FEGUI;14.623333299862809;-12.1481833
FEGUI [2ème C];14.623333299862809;-12.1481833
SAMBA DRAMANE;14.56556669985601;-12.183649999999998
GOUNDIAM;14.661866699867346;-12.165599999999998
SABIL ALFALAHI de GOUNDIAM;14.661866699867346;-12.165599999999998
Medersa de Goundiam;14.661866699867346;-12.165599999999998
MEDERSA GOUNDIAM [2ème C];14.661866699867346;-12.165599999999998
ecole elementaire de Gande;15.09976419991908;-12.6558705
L'Ecole Primaire de Moribougou;14.838816999888232;-12.465759299999998
DIBOLI [2ème C];;
DIALAMBY;14.51194999984971;-12.214216699999998
DIALAMBI [2ème C];14.51194999984971;-12.214216699999998
DIABOUGOU [1er C]ycle;14.540816699853101;-12.214716699999999
DIABOUGOU MEDERSA;14.540816699853101;-12.214716699999999
NAYE PEULH;14.371655699833262;-12.1209146
Ecole primaire 2;16.3958558000695;-16.0762757
Ecole primaire 1;16.39746140006968;-16.074484000000005
Ecole arabe oustaz Khalifa;16.40084250007006;-16.076721
Ecole Arabe Oustaz Fall;16.400859200070062;-16.0763642
Ecole coranique Oustaz Ndiaye;16.398555000069805;-16.0763226
CEM de Mboundoum-Barrage;16.40160920007014;-16.083608899999998
École Élémentaire Thiago;16.396485100069572;-15.7171786
Ecole1;16.466820500077436;-15.6967902
Ecole2;16.46630610007738;-15.6969094
Case des Tout-petits;16.461269100076812;-15.675274099999996
École élémentaire Gallo Malick;16.460987700076785;-15.674745700000003
Lycée de Richard Toll;16.459867900076656;-15.6737426
Centre de Formation Professionnelle et Technique de Richard Toll;16.459730000076643;-15.6746217
ACAPES;16.460426400076724;-15.6741204
Arabe;16.462167700076915;-15.666168900000002
Ecole Franco-Arabe de Rosso Sénégal;16.498797800080993;-15.8087186
Ecole primaire 2 de Rosso Sénégal;16.49903960008102;-15.807972299999996
ECOLE PRIMAIRE DE PAKH;16.402710900070268;-15.811520700000003
Ecole Coranique Pakh;16.403858600070397;-15.813134299999996
Collége;16.52217560008359;-15.2219466
Lycée de Fanaye;16.522338100083605;-15.2312796
Ecole élémentaire;16.52732440008416;-15.222002499999999
ecole 1 walalde;16.50414470008159;-14.194673699999997
ecole2 walalde;16.50631650008183;-14.198743399999998
cem de doundodji;15.47430929996326;-15.1939733
cem ouarkhokh;15.38160309995235;-15.242405200000002
NULL;15.279322499940294;-14.600908999999996
DUDAL NADIACI;14.043183999795094;-14.5249254
Doudal fass gounass;14.046045299795427;-14.522488100000002
École Mbadianene;14.069016699798079;-15.2980964
École franco arabe;14.078856899799213;-15.295838899999998
Internat Taysiroul Hasiir;14.864646499891284;-15.892121799999996
Cem Darou Salam Tip;14.673963099868773;-15.8562466
Ecole élementaire EFA Sadio 2;14.804545299884186;-15.544397999999996
CEM DE SADIO;14.798115799883426;-15.5512827
École primaire Thiakho Madialé;14.022099899792666;-15.837261499999997
NULL;14.188878699811957;-16.1622489
Lycée Mixe de Sibassor;14.191885499812301;-16.154482399999996
École Sibassor 3;14.188174099811874;-16.154805899999996
Cours Privèe Mboutou Sow;14.143402399806678;-16.0757044
Institut Darul Hadith;14.170639199809838;-16.0751006
École Nguolothie;14.21792209981533;-16.154888399999997
Lycée Technique de Fatick;14.350822499830826;-16.4023354
College Ablaye Gueye;14.700447399871898;-16.4540514
École Al Hazar;14.696914999871478;-16.4583027
Ecole Primaire de Mbaye Mbaye Bal;15.677649499987094;-16.365307899999998
Ecole Primaire de Santiou Baiti Rip;15.677664299987095;-16.3511847
École primaire de Modou Khari;15.64869589998371;-16.3043064
Daara coranique Alou Moussa;15.640201199982716;-16.2165539
Ecole Franco-Arabe Tawfekh;15.638618199982535;-16.219690399999998
Ecole Elémentaire Franco-Arabe public;15.633796099981968;-16.2209339
Daara coranique Siradjoudine;15.635052999982113;-16.2198571
Franco-Arabe Cheikh Kébé;15.63387989998198;-16.219335099999995
SOS;15.617481899980064;-16.208596800000002
Sainte Marie;15.62238299998063;-16.224578099999995
CEM DE SYER;16.12924860003932;-15.882286099999998
Daara Tiékéne;16.215891700049184;-15.858257800000002
Ecole Elementaire de Tiékéne;16.214012900048974;-15.859067699999997
Amadou Lampsar Sall;15.917889400015024;-16.2686559
Ecole Ngallèle 2;16.03798980002886;-16.4461292
Case des Tout Petits;16.039600400029048;-16.443362699999998
Cours Elémentaire Serigne Moussa Diop;16.041065900029214;-16.4431206
ISFOS;16.041951900029318;-16.441153299999996
NULL;16.04497810002967;-16.4430214
ECOLE SAINT LUIS;16.035411500028566;-16.4485625
Ecole élémentaire Fandjiri Koné de Khor-Usine;16.02533300002741;-16.4739013
Prytanée Militaire Charles N'tchoréré de Saint Louis;16.062890500031724;-16.4557361
Ecole Elementaire de Taba Tach;16.10713040003679;-16.413803499999997
UGB 2;16.06036740003143;-16.4253942
Centre de formation en machiniste Agricole;16.1334751000398;-16.3240089
NULL;16.03298290002829;-16.488865599999997
NULL;16.03008880002795;-16.4876211
NULL;16.031219600028088;-16.4888942
NULL;16.03045830002799;-16.4889228
NULL;16.03045830002799;-16.4889228
NULL;16.029980500027943;-16.4891785
NULL;16.029980500027943;-16.4891785
Séminaire St Luc;16.027309200027638;-16.4898876
NULL;16.026546700027545;-16.4890667
sankhoré;16.0261102000275;-16.4913033
Ecole élémentaire Soukeyna KONARE;16.024743800027338;-16.4918642
Ecole Coranique;16.02379460002723;-16.4894989
Groupe Scolaire Mame Marie Thiayga;16.023207800027162;-16.487006999999995
Daara Serigne Diop;16.02631860002752;-16.4854139
NULL;16.02292890002713;-16.485732799999997
Ecole Coranique;16.019523200026736;-16.487356999999996
Franco-Arabe Ramatoulahi;16.019624700026757;-16.488378299999997
Ecole Coranique HYZBU TARQIYA;16.02019470002682;-16.4859119
NULL;16.02029170002683;-16.489241699999997
Abu Bakar As-Siddiq;16.021605600026984;-16.4898625
NULL;16.021773500026995;-16.4899166
NULL;16.022559400027088;-16.4897382
NULL;16.022695200027105;-16.497409299999998
Ecole Coranique Thierno Ibrahima Dath;16.025614000027442;-16.495500299999996
NULL;16.0261669000275;-16.4950418
Ancienne Ecole des Otages;16.025383300027414;-16.4957981
Telemac;16.029575200027892;-16.4943611
École primaire Émile Sarr;16.02830230002775;-16.5058225
Ecole élementaire Alfred Dodds;16.031090500028068;-16.5086771
Jardin d'enfant Saint Cluny;16.029357900027875;-16.5082492
Daara Serigne Moukhsine Diop;16.02372060002723;-16.5062234
Ecole Elémentaire Léontine Gracianet;16.025453200027428;-16.5037604
Ecole Ahmadou Bamba;16.026632200027557;-16.503859199999997
CEM Ndiawar Sarr;16.024514700027314;-16.504225
CEM Amadou Dugay Cledor Ndiaye;16.023857400027236;-16.5044228
Alioune Babacar Sarr;16.02170410002699;-16.5052911
Groupe Scolaire Eyup Sultan;16.02207170002703;-16.5052594
Ndaté Yalla;16.021424500026963;-16.5058933
NULL;16.02018830002682;-16.5054002
Yavuz Selim;16.02028140002682;-16.5046856
Lycée d'excellence Aimé Césaire;16.03327400002832;-16.505404799999997
Limalé Ndiaye;16.03535530002856;-16.502980699999995
CEM Amadou Mar Diop;16.035757000028603;-16.503253
Ecole Mamour Diallo;16.03624840002866;-16.507668
Ecole élémentaire Ousmane Sow;16.036945900028744;-16.5078217
Ecole Youssou Ndiaye;16.03631180002867;-16.5083608
École Élémentaire Goxumbacc 2;16.043998700029555;-16.5071928
Ecole Gooxu Mbacc 1;16.04187470002931;-16.506180199999996
École d'enseignement coranique et éducation islamique;16.044881700029656;-16.5055283
NULL;15.98989700002333;-16.5103879
Cours Privés Amadou Gaye;16.012176600025892;-16.4954808
Ecole maternelle;16.012335200025912;-16.492395
NULL;16.010946800025756;-16.4860059
NULL;16.01090170002575;-16.4863653
NULL;16.01092110002575;-16.4862339
Dara Coranique;15.993173400023709;-16.488482999999995
Collège Guinaw Rail;15.987582200023065;-16.4887109
Institut Islamique Franco Arabe Ibnou Ousseymine;15.989419100023277;-16.4896162
NULL;15.990174800023365;-16.491576
Groupe Scolaire Leer Gui;15.98540170002281;-16.492899099999995
Dara Al Quran: Baytil Ma'muur;15.986570700022947;-16.4926801
Ecole Primaire Mamadou Charles Niang;15.985189300022787;-16.4893118
Ecole élémentaire de Pilote;15.895814400012469;-16.5060474
Ecole Coranique;15.898454200012768;-16.5076258
Ecole elementaire de Niayam;15.73745919999407;-16.5430791
CIFOP;15.166650199926986;-16.901052499999995
dara alhadji Malick Diop;15.136940799923474;-16.8780238
ècole keur Khlaè yi;15.134223599923152;-16.8788414
Lycée d'enseignement général de Ndande;15.275556199939846;-16.5316263
Ecole Elémentaire de Kelle;15.184133999929053;-16.5773041
Ecole Elementaire de Satté;15.213224299932488;-16.536003999999995
Ecole Elementaire de Mber;15.225826499933977;-16.553923899999997
Elementary School De Palmeo;15.262549799938313;-16.5399999
Ecole Elementaire de Loyenne Yirou;15.263384099938408;-16.5100026
Ecole Elementaire de Mamadou Massina;15.18497379992915;-16.5052645
Ecole Elementaire de Ngéoul Louto;15.136648199923439;-16.544710299999995
Ecole Elementaire de Dior;15.100963799919219;-16.5165268
Ecole Elementaire de Battal1;15.07424089991606;-16.540604499999997
Ecole coranique Ndoyène Ndiasse;15.105727999919782;-16.5490112
Daara Coranique de Ndawéne;15.113422899920698;-16.560157199999995
Institut Islamique Mame Leye Kane;15.012268099908733;-16.525608899999998
Ecole Elementaire de Keur Diadié;15.053508299913613;-16.5380159
Daara Kahone Diagne;15.023151699910018;-16.5237673
Institut islamique Cheikhayati;15.038181299911795;-16.5195564
Institut Islamique Gouye Ndioro;15.049826399913176;-16.5204707
NULL;14.874170899892409;-16.6110385
Cheikh Dé Thialaw Seck;15.005900599907982;-16.7429969
Lycée Serigne Amadou Cissé;15.006708899908078;-16.7428011
Faculté Islamique branche Sénégal;15.008530199908297;-16.7419616
Serigne Cheikh Thioro Mbacké;15.018462699909467;-16.731590799999996
Case des tous petits de pire;15.012719299908794;-16.7404113
Al Azhar serigne mourtada mbacké;15.01666739990926;-16.732580599999995
Cours Privé Serigne Moustapha Cissé;15.011641599908662;-16.736615999999998
Serigne Pire khaly Amar Fall;15.011361799908626;-16.730695
école 4;15.001484299907464;-16.7344336
NULL;15.116790099921094;-16.639555699999995
institut islamique keur khalifa;14.940269199900223;-16.823183099999998
cours privé les etoiles;14.941768099900399;-16.8230539
cours privés emir abdalah;14.94822739990116;-16.8191231
Ecole Elémentaire Tivaouane 13;14.964842699903127;-16.8186683
Ecole coranique de Tamba;14.953425799901776;-16.8278987
NULL;14.950186699901394;-16.820229
Ecole Keur Mame Ngome Gueye Samb;14.957121699902215;-16.818099399999998
groupe scolaire abdou aziz sy dabakh;14.954046599901853;-16.8136529
tivaouane 7;14.958735199902407;-16.812999899999998
Ecole Elémentaire Tivaouane 13;14.96198059990279;-16.806036
siége et centre culturel daara de TIVAOUANE;14.964237399903057;-16.812551799999998
ecole 12;14.96505649990315;-16.812058600000004
Laduni Institut Daara Moderne Anglo-franco-Arabe;14.941659999900386;-16.814069799999995
Ecole Elémentaire Tivaouane 16;14.944713099900742;-16.8072568
Etablissement Soumaya;14.757229399878595;-16.9117487
École elementaire Anary Diop;14.782704399881604;-16.9151017
Groupe Jammi Xaleyi;14.78769929988219;-16.9253229
École publique Iba Caty Ba;14.793653299882896;-16.9252873
École privée Princesse Diana;14.794586699883004;-16.924754
Académie privée des lettres et des sciences de Thiès;14.796786099883269;-16.9248639
CEP Thiès;14.797314099883323;-16.915826499999998
College moderne Lat Dior;14.799292799883563;-16.9266067
École elementaire Idrissa Diop;14.799968599883638;-16.9280616
École elementaire annexe Malick Sy;14.79943159988358;-16.9293517
École Sainte Anne;14.800878399883752;-16.931151999999997
College privée Bassirou Mbacke;14.794600499883007;-16.936636400000005
Institut Supérieur de Formation Professionnelle;14.791858399882681;-16.9355211
École Maarif Thiès;14.790598699882537;-16.9350815
Thies Yavuz Selim;14.790595499882537;-16.935080699999997
Groupe scolaire Madibo;14.791433699882637;-16.9342017
École Kotti Kotti Yolli Yolli;14.794543999882999;-16.9273061
Aly Ba;14.781386299881447;-16.9290998
NULL;14.780246299881314;-16.9289349
NULL;14.78024349988131;-16.9290945
Seydatouna Mariama;14.779475899881223;-16.9319886
Keur Yaye Aïcha;14.779467599881222;-16.9313187
Le Petit Prince;14.78206019988153;-16.9405244
Cours privées La Normalienne;14.787650299882184;-16.9395229
Institution Lucie Leclerc;14.786314099882029;-16.9349485
Ecole El Hadji Moctar Thiam;14.788155799882242;-16.9352371
École franco-arabe Habiba;14.789099199882358;-16.9386129
UFR SI - Univ Thies (Malick Sy);14.78675349988208;-16.9408011
Sud Stade;14.767218499879776;-16.9441634
Lycée de Fahu (Ex CEM);14.765374899879554;-16.936344499999997
NULL;14.699750599871813;-16.8771009
École Thila Ounte;14.796032899883176;-16.6851834
École élémentaire de Fambine;13.996838699789757;-16.5952492
École primaire de ndagane village;14.075747699798853;-16.703943100000004
École franco arabe;14.075551499798834;-16.7031058
CEM mar fafako;14.04887269979575;-16.6445217
École Franco Arabe de Mar Fafaco;14.055279999796491;-16.643688799999996
Lycée Île de Mar;14.044328999795226;-16.665030799999997
NULL;14.043912799795178;-16.6806321
École Maternelle;14.043591399795144;-16.6813075
École élémentaire;14.043346099795116;-16.6756207
lycée Palmarin;14.031301099793726;-16.7690973
Ecole arabe;14.149729699807413;-16.6357349
École élémentaire Oumar Gueye;14.4155607998384;-16.961181200000002
Cours Privés les Formateurs;14.415449999838385;-16.959917699999995
Ecole Elementaire de Mballing;14.379870499834222;-16.9433051
École élémentaire Ndiémane;14.307736499825792;-16.8483723
École élémentaire de Mbouléme;14.385483299834881;-16.894148299999998
École de Louly Mbafaye;14.43504109984068;-16.8709892
NULL;14.425150899839522;-16.9672103
École élémentaire Cheikh Ahmadou Lo;14.418011799838686;-16.9646667
Château d'Eau Nord;14.42501639983951;-16.98085
Institut René Merceron;14.436962099840908;-16.9923633
école privé Therno Cheick;14.444364599841776;-16.9962583
École élémentaire Malicounda  Bambara;14.463516699844018;-16.96503
Institut Polytechnique Panafricain;14.744253499877061;-17.5146493
NULL;14.74421589987706;-17.5149181
West African College of the Atlantic;14.74508759987716;-17.5245476
École Saint-Exupéry de Dakar;14.735408699876016;-17.5090469
"Cours Privé ""Les Mamelles""";14.721663399874403;-17.487264799999995
École Sakku Xam Xam;14.726806299875005;-17.4825539
École Le Phare;14.726147399874929;-17.4825954
La boussole;14.71012829987304;-17.4787676
École Stella Maris;14.715945399873727;-17.4838171
École nationale de cybersécurité;14.709010499872905;-17.4805367
"Yavuz Selim ""Les Bourgeons""";14.705252199872463;-17.4763832
Université Al Mostafa;14.7047538998724;-17.4743088
Université Al Mostafa;14.7047538998724;-17.4743088
Auto-école Partenaire;14.704398099872362;-17.470505099999997
Enko education;14.709714499872986;-17.4688148
ISIT/AFRIQUE;14.708375599872832;-17.4727919
École bilingue Français-Arabe;14.709196399872924;-17.4728042
Amzalia (crèche);14.707809799872763;-17.474390899999996
Fabiola;14.71075059987311;-17.476826000000003
La case des tout petits;14.714475799873547;-17.472304099999995
NOOR International Academy;14.712511799873317;-17.47222
Sainte Bernadette;14.710350399873066;-17.4642443
CAIF;14.718013399873968;-17.4645714
Ecole Mamadou et Bineta;14.707555199872735;-17.4681172
Groupe Scolaire Keur Arame;14.704505699872374;-17.4628923
NULL;14.704935799872425;-17.459744999999998
ISDL;14.701572399872028;-17.4604547
NULL;14.704750899872405;-17.4576657
Xalima;14.708684699872869;-17.4555765
ecole SOKHNA AWA SARR;14.706303699872583;-17.4540438
ECOLE KHALID BOUNIL WALID;14.706421499872599;-17.4535766
CEM Adama Ndiaye;14.704691799872396;-17.4509727
Cours Privés l'Etoile Brillante( Prescolaire, Elementaire);14.704141399872332;-17.4504308
Collectif Sénégalais pour la Formation Professionnelle;14.704364899872354;-17.4520428
Ecole privée Limamoulaye;14.70426109987235;-17.4522959
Ecole Supérieure de Journalisme et des Métiers de l'Internet et de la Communication;14.70272869987216;-17.4538528
École sainte therese;14.701961199872072;-17.4524742
École franco-arabe Mouhamadou Baba Toure;14.704160899872337;-17.4478005
Ecole coranique Serigne Diop;14.70394589987231;-17.443188399999997
Ecole Franco-Arabe Seydina Mouhameth;14.710930799873134;-17.449181099999997
Franco-Arabe Abdallah B Abass;14.714102299873506;-17.4473438
Cours Privés Madieye Sall;14.716484099873787;-17.4463642
Cours Privé Assane Seye;14.714773799873585;-17.449351399999998
Biscuiterie de Medina;14.712872999873365;-17.451300199999995
Ma Première École;14.720984099874324;-17.456964499999998
École Khadim Rassoul;14.725903499874898;-17.4506557
Imtech;14.720389899874252;-17.4482974
And Boolo Xamle;14.727156999875048;-17.4445985
Yaye Assiatou;14.730763199875472;-17.4495085
Ecole plus;14.73109799987551;-17.446606
Aster Education;14.728265899875183;-17.4461015
Annala le petit bonheur;14.728276199875177;-17.446226
Daara Yaye Nafissatou Ndiaye;14.728532699875204;-17.445922699999997
Académie Royale;14.728478299875201;-17.4457169
Chez Yetta;14.729429699875316;-17.444012799999996
Groupe Scolaire Amadou Moctar Ka;14.729396199875309;-17.4436919
GSKMD;14.730739399875468;-17.4423151
ASAFIN;14.733083699875746;-17.4444223
Khalifa Keba Sylla;14.733481099875796;-17.442056799999996
Serigne Malick Fall;14.736610699876163;-17.4456891
ORBIT;14.735930599876083;-17.445669899999995
Saint Joseph de Daarou;14.734974699875968;-17.4471392
Groupe Scolaire Ecole Plus;14.732462999875672;-17.446325400000003
College Diakonia;14.734303399875891;-17.447220199999997
Darou Rakhmane;14.734815599875951;-17.448293
College Emmanuel;14.735939699876077;-17.449382
College Aline Sitoe Diatta;14.73640399987614;-17.4508036
Keur Mame Makhtar;14.73543779987602;-17.451701699999997
Le Damel;14.735188699875996;-17.451438800000002
GSM;14.736328099876127;-17.452667799999997
Saint Jean Baptiste;14.734375499875899;-17.453222899999997
Etoile du Matin;14.73431849987589;-17.4533168
Complexe Tarif Ndeye Niang;14.734281599875889;-17.4540991
Les Moineaux;14.732476699875674;-17.453945299999997
GIE College Emile Viviane Badiane;14.732531199875682;-17.4531438
Centre d'Accueil Communautaire Taiba;14.732476699875674;-17.4522117
JCLTIS;14.733167999875752;-17.4512193
Daara Moderne Aicha Oumoul Mouminima;14.73304999987574;-17.4518452
Groupe Scolaire Mame Ndi Diarra Bousso;14.733951399875847;-17.451830499999996
Anne Marie Javoueh;14.728435499875198;-17.4509113
Groupe Scolaire Saint Joseph de Calassane Ephnphata;14.72800309987515;-17.451624499999998
FECSDA;14.727916999875136;-17.4533148
Mansour SY Junior;14.729471399875317;-17.4539606
Oumar Ben Khatab;14.73075929987547;-17.4529424
Daara Franco Arabe Dimbali Xaleya-;14.731554499875566;-17.4544791
Cours Prive IQRA CPI;14.732039599875623;-17.4564617
ISEP;14.732052399875622;-17.456890199999997
Groupe Scolaire Keur Mamadou Darou Salam;14.730899499875488;-17.4551474
Anne Marie Jantet--;14.729344399875309;-17.4556392
Groupe Scolaire le Sommet;14.729675299875344;-17.4591704
Case des Tous Petits Camp Sekou Mballo;14.734161299875872;-17.456975299999996
Institut Taysour Hassir;14.73347379987579;-17.4556638
Collége Kocc Barma Fall;14.734349999875894;-17.4558553
IPH;14.735289699876004;-17.4561177
El Hadj Oumar Tall;14.736202099876115;-17.4572553
Ecole Maternelle Coumba Kane Sall;14.73507049987598;-17.4577076
La Felicite;14.73380889987583;-17.4632889
IAED;14.736044499876092;-17.462556699999997
International Bilingual School;14.729867299875366;-17.4657016
Cerfi Centre d'Etudes de Recherches et de Formation sur l'Islam;14.72944189987531;-17.4625668
Groupe Scolaire la Félicité;14.730003499875384;-17.463093100000002
Cerfi Ecole;14.729540499875325;-17.4629584
La Félicité;14.730142199875395;-17.4633573
Keur Mame Mbacke;14.730784299875474;-17.4623757
Institut Sabdarifa;14.731757699875589;-17.4612397
GS Keur Mame Lena;14.729934799875375;-17.4605625
Keur Mame Lena;14.729751899875351;-17.4605263
Little Dreams-;14.729707799875346;-17.4612572
École Wore 2;14.72268419987452;-17.4649626
Télé Ecole;14.721551499874383;-17.465093599999996
NULL;14.72728089987506;-17.470396499999996
iBelieve Centre;14.724585699874744;-17.4723226
Ibelieve;14.72438599987472;-17.4721102
College Bilingue IBS;14.724796799874769;-17.4700695
Groupe Scolaire Abass Sall;14.728278199875183;-17.469336
EFHORE;14.72902719987527;-17.4693857
Keur Faly et Khady;14.731723299875586;-17.4725211
SMOD;14.732659799875695;-17.472006099999998
Institut d’Études et de Formation en Statistiques Appliquée et en Gestion et Évaluation de Projets;14.740086399876573;-17.4700495
Ababacar Laye;14.754440699878266;-17.4689269
Maison de Gabriel;14.747449699877443;-17.470056499999995
Maison de Bambi;14.74781609987748;-17.4693319
Ecole Tata fa2;14.748904299877612;-17.4681006
cours Mame Abdou Dabakh;14.75429759987825;-17.4666943
Lucie Leclerc;14.753500099878156;-17.461613799999995
UNM Univ Nelson Mandela;14.741492499876738;-17.460108999999996
Kelethio;14.737978699876322;-17.466628299999996
IPE;14.737506699876269;-17.4655058
Groupe Scolaire Hadji Malick;14.737197199876228;-17.4628376
Groupe Scolaire Assia;14.737528299876269;-17.4572877
Groupe Scolaire Assia;14.73760279987628;-17.4573664
Bel Age;14.73706589987622;-17.4575542
École Protestante John Wasley;14.736987799876209;-17.457471299999998
École Protestante Jhon Wesley;14.737034799876213;-17.456599299999997
Ecole Samibou;14.740872799876662;-17.4564357
Ya Nafissatou;14.740846599876663;-17.4586968
General;14.742037199876803;-17.4592372
GS Daara Adji Ndeye Yacine Franco-Arabe;14.741556299876747;-17.4555384
Cours Privée Dominique Thomas;14.74017169987658;-17.4502319
Centre Communautaire Kheur Xaléyi;14.737493799876265;-17.4529257
Cours Privée Arafat Excellence;14.738624999876395;-17.4517431
Keur Oussou;14.740518399876626;-17.449570099999995
Daray Imame Ka;14.74101449987668;-17.4492447
École Coranique Sedikh;14.740598399876632;-17.448831
Xalé Bour la;14.740667699876633;-17.4486943
Les Merveilles;14.73987309987655;-17.4480589
Bernard Palissy;14.738690999876408;-17.445257899999998
Groupe Scolaire Keur Soda;14.738247499876357;-17.4442601
CAEDAS;14.737616799876278;-17.4437349
Daara Oumoul Aicha Moumine;14.738016299876328;-17.442511899999996
Institution Prescolaire Fatou et Alimatou;14.739860899876541;-17.442840299999997
Cours Privés Grand Yoff Ibrahima Diarra;14.740029499876563;-17.4432775
CPFP;14.745313699877189;-17.443331
PEDAGOQUES;14.751809299877953;-17.4424374
Cours privé Simoe;14.752423899878032;-17.4537999
Prescolaire La Volière;14.750862599877845;-17.459246799999995
Cours privés MCATS;14.758726599878772;-17.444998
groupe scolaire Al mahdi;14.760356999878965;-17.463093100000002
Exponentielle;14.756283599878481;-17.4645254
École élémentaire Elimane Thiaw;14.756366499878494;-17.4665873
cours privée Mandione Laye;14.757256199878597;-17.4665384
NULL;14.742389699876846;-17.511577999999997
Écoles élémentaire Alieu Samb;14.746833599877366;-17.512541399999996
ORT Sen Ngor;14.74675659987736;-17.5133476
Daara traditionnel;14.748328499877548;-17.5117062
École primaire El Hadji Baytir Samb;14.749618199877697;-17.5121272
Racine ScHool;14.772687699880423;-17.4135105
Cours Ste MARIE;14.773065699880464;-17.4117744
Centre Islamique BILAL;14.782264799881553;-17.3933382
Ecole élémentaire Cité des Enseignants;14.776528999880872;-17.4037975
Collège Cité des Enseignants;14.776114899880818;-17.4036382
Franco Arabe Sabilou Nadiaty;14.772330499880377;-17.3804959
Cours Privé Académie Limamoulaye;14.775448899880748;-17.380339999999997
École Privée;14.777066699880939;-17.3784196
Groupe Scolaire La Téranga;14.778829999881143;-17.3768185
Ker Ndoumbelane;14.779702799881251;-17.377865
Institut Préscolaire Elémentaire Franco-Arabe Keur Yaye Amina;14.78059179988135;-17.3793936
École Elémentaire Medium Prestige;14.780105799881296;-17.378978
Groupe Scolaire Diamane Senghor;14.779690399881243;-17.385084199999998
NULL;14.779708999881247;-17.3846264
Zenith Alpha;14.783261999881665;-17.3854834
Groupe Scolaire Serigne Abdoulaye Lô;14.781310499881439;-17.3842531
École Coranique;14.78277429988161;-17.3817858
Cours Privé Le Littoral;14.783674499881718;-17.3822593
Groupe Scolaire Les Novateurs;14.783507599881702;-17.3786565
Cours Privés Rénovation;14.784305099881792;-17.3784468
Jardin Keur Mame Maria;14.78545439988193;-17.380049299999996
Keur Mame Maria;14.785340099881912;-17.3802783
École Privée Les Diambars;14.7835299998817;-17.379554199999998
Groupe Scolaire La Téranga;14.781706499881482;-17.3793082
Groupe Scolaire Rénovation;14.78230889988156;-17.3767407
Babou Salam;14.782823999881618;-17.3745765
Imam Malick Al Madaniy;14.781894699881509;-17.3748612
Groupe scolaire Dabakh Malick;14.783496399881697;-17.3728269
Groupe scolaire Dabakh Malick;14.783439999881692;-17.3724428
Groupe Scolaire Ballolé;14.777599199881;-17.3754439
École privée Avenir;14.776609799880882;-17.3700044
Groupe Scolaire 3SM;14.765365399879553;-17.373736700000002
Groupe Scolaire Aliou Sow;14.76838439987991;-17.380895099999996
Wakeur Serigne Touba;14.769183099880006;-17.382382099999997
Darou As Chay Khan;14.766434999879683;-17.3830232
Franco Arabe Massalikoul Djinane;14.765095399879526;-17.3806248
Pikine 27;14.761836599879139;-17.3824616
NULL;14.757020199878568;-17.3824123
École ASEG;14.7564469998785;-17.383023799999997
École Osmane Sambe;14.755935999878446;-17.3814225
omar dia Diouf;14.74936219987767;-17.3823469
NULL;14.752363199878019;-17.37963
NULL;14.753440799878145;-17.3818839
École Omar Dia;14.753797399878188;-17.383309499999996
CCE;14.75353159987816;-17.3846734
El Hadjiba Sene;14.750525999877805;-17.3934968
Moussa ka;14.749882499877728;-17.3937692
CNFTPA;14.738692399876406;-17.397528899999998
Groupe scolaire Mamadou Diop;14.75794009987868;-17.3954187
NULL;14.75648459987851;-17.397204599999995
Iden pikine;14.756422699878499;-17.3959141
École Elementaire Mouhamadou Kabirou Mbodji;14.757035899878574;-17.3887102
École franco-arabe;14.765152099879534;-17.3943833
Centre Guindi;14.769959299880094;-17.3868319
Bonjour Afrique;14.770090199880114;-17.3867938
Al Mountadha;14.767943099879862;-17.4124023
ecole d'exellence Rose Dieng Kunthz;14.769933999880097;-17.4102992
Alim school;14.770466999880158;-17.4154453
complexe scolaire le parcours;14.771143299880237;-17.4151449
complexe seydi family;14.770336999880142;-17.4160415
Seydina Issa Rohou Laye;14.766967899879745;-17.4308541
Groupe Scolaire Adja Nabou;14.75930829987884;-17.4339152
École Privée Imam Assane Cisse;14.756081799878459;-17.4349899
Groupe scolaire Elite;14.755652099878409;-17.435877
École Étoile Brillante du Matin Pour Les Sourds du Sénégal;14.754631799878288;-17.4326485
NULL;14.75592889987844;-17.428700699999997
Groupe scolaire Yaakaar plus;14.761381499879091;-17.4248889
Cosmobodim;14.745093899877164;-17.438216299999997
Halwar Groupe Scolaire;14.740142099876577;-17.4263602
Collège Moyen de Dalifort;14.739687399876521;-17.4219791
Keur Rokhaya;14.738663499876408;-17.4200758
Cheikh Awa Balla Mbacke;14.738212199876351;-17.4157414
El Hadji Abou Diop;14.741907199876787;-17.4198201
Groupe Scolaire Franco-Arabe Samara;14.742749599876888;-17.4103028
École Coranique;14.739708899876527;-17.408889699999996
Annexe Khalifa Mansour Sy;14.740435199876615;-17.4112138
Crech Keur Sédar;14.735543999876034;-17.4336059
Prescolaire Tanti Anna;14.734077399875865;-17.4332535
Dakar Academy;14.730091099875393;-17.4359021
Institut Marc Perrot;14.726125499874925;-17.4381846
CFPJ/YMCA;14.724711599874755;-17.4298521
Ecole Mission Libanaise;14.66502849986772;-17.4363624
Institution Papa Gueye Fall;14.677499899869192;-17.4407262
Aloys Kobes;14.675706199868978;-17.4349877
CERE;14.698887899871714;-17.444165
NULL;14.694750899871222;-17.445218899999997
Institut Gaindé Fatma;14.692766499870988;-17.4474853
Ecole Colobane 2;14.692278699870933;-17.448869399999996
NULL;14.700177299871864;-17.448512799999996
Institut La Lumiére;14.700176899871865;-17.448512799999996
ONECCA;14.69998829987184;-17.4491158
Daraa armée;14.697014699871485;-17.4538489
Heta Help (Humanity Educational Links and Placement);14.694737299871221;-17.4552205
Les Petits Loups;14.695876399871356;-17.4589529
Lycée d'Excellence;14.693539399871078;-17.456209699999995
Les trois Pom Espace d'Éducation Maleine Diop;14.69353569987108;-17.4563793
Tafsir Ahmadou Ba;14.694079299871145;-17.4556232
Ism digital campus;14.694252599871165;-17.4552728
Ahmadou Mbacke 3;14.695971099871366;-17.454548399999997
Anne Marie Javouhey;14.686644199870265;-17.456464
Centre de Formation Artisanale Gallo Boury Thiam;14.687569399870373;-17.458756599999997
Lycée mixte Maurice Delafosse;14.684782999870047;-17.459075199999997
École Saint Pierre eymard;14.684928199870068;-17.456556699999997
ISI Succursale;14.683633999869912;-17.4542588
Daara Mame Khalifa Ababacar Mbaye Sy;14.68415989986997;-17.4544801
École Jean De La Fontaine;14.686776499870282;-17.4508364
École Privée Thielirugne;14.684323999869992;-17.446327999999998
Ecole Nationale de Police;14.68902579987055;-17.448899199999996
Institut santé service;14.69046609987072;-17.4499603
Ecole élémentaire El hadj Malick Sy;14.679723499869448;-17.4422403
Institut islamique de Dakar;14.678994399869364;-17.4432743
Ibrahim Khalil Marega;14.676087099869024;-17.4472055
Lycée Delafosse;14.670167399868323;-17.441379599999998
Fatima bintou rassoul;14.678161699869266;-17.4528333
Village des tout petits keur Mame Dabakh;14.68126829986963;-17.451753299999996
Cedt;14.6784277998693;-17.4667448
NULL;14.688770899870518;-17.469640399999996
Institut de Technologies et de Commerce;14.683387199869884;-17.459721599999998
Institut de Technologies et de Commerce;14.683441599869889;-17.4594775
Centre de Formation Professionnelle et Commerciale;14.686766499870284;-17.4594756
Ecole prescolaire et élémentaire Franco-Arabe;14.691933599870895;-17.459812799999998
ISM;14.693871699871119;-17.4597377
Goethe Institut;14.696009699871373;-17.4627369
NULL;14.698501999871661;-17.4602603
lycée franco-arabe;14.699806699871816;-17.4594752
École Franco Sénégalaise;14.6615106998673;-17.4417467
Institut Saint Jeanne d'arc Post Bac;14.660508199867184;-17.441709399999997
Ecole Coranique;14.690773999870755;-17.228677299999998
Ecole Keur Baye Boss;14.687298399870341;-17.2258502
École Coranique;14.686054199870197;-17.2273106
Les enfants d'Ornella;14.614809999861805;-17.154016700000003
Ecole Coranique;14.611833199861454;-17.0917045
Ecole primaire Tack;14.607717599860973;-17.0911406
Ecole Arabe;14.62741259986329;-17.104586899999997
Ecole Coranique;14.638831799864633;-17.0863361
Collége Privé Dabakh;14.643436299865174;-17.084694399999997
Ecole Privée primaire Dabakh;14.642845499865107;-17.0837748
Diass Excellence School;14.6410718998649;-17.082957299999997
Ecole primaire Diass 3;14.648718099865796;-17.0839456
ecole elementaire gorom 2;14.812758199885153;-17.171929699999996
Ecole 2 Bambilor;14.804928999884226;-17.1841273
Lycée de Bambilor;14.800577599883715;-17.184414299999997
Ecole 1 Bambilor;14.800170499883667;-17.1848381
Ecole privée Les Lumières;14.797451899883342;-17.1912353
Ecole privée Alimatou sadiya;14.798355899883454;-17.1899974
École franco-arabe Alamoul Houda;14.812389999885113;-17.251789
NULL;14.810895499884932;-17.2499394
Franco-arabe La voie du savoir;14.808054999884595;-17.248619
Groupe scolaire El hadji Bara Mbacké Falilou;14.80988059988481;-17.2501355
Franco-arabe Ale Yassir;14.810755599884917;-17.2503613
École franco-arabe Ale Yassir;14.810755599884917;-17.2503613
Groupe scolaire l'espoir;14.807909999884581;-17.255048
Gando school;14.810548999884892;-17.2558426
Le Gando;14.810548999884892;-17.2558426
Institut SAKINA;14.811436999885;-17.287278
Groupe scolaire Daz La Référence;14.809824999884807;-17.280539999999995
École franco-arabe Keur Yaye Ami;14.809076699884717;-17.278435
Franco-arabe Daara Al qour an Cheikh al islam INB;14.808651699884669;-17.2786483
Groupe scolaire Kassanga;14.813288999885211;-17.275080999999997
Groupe scolaire Mame Dabakh Sy;14.820656699886085;-17.2738967
Ecole franco-arabe El Hadji Omar Foutiyou Tall;14.81972669988598;-17.274926699999998
École privée AZ School;14.817409799885699;-17.2657798
École pré-scolaire élémentaire;14.819883999885995;-17.263893
École privée Mame Ngoné Sèye;14.814158699885315;-17.2637019
Internat/Externat Mame Abdou Aziz Sy Dabakh;14.81221529988509;-17.2623164
École communautaire Avenir et Développement;14.80707689988448;-17.275588299999995
École Privée Moulaye Dabakh;14.805726699884325;-17.2793433
Franco-arabe;14.801978699883877;-17.279131199999995
Cours Privés El Hadji Gayo Ba;14.80534499988428;-17.2816733
CEM APIX;14.805511199884295;-17.2914179
École franco-arabe Halimatou As Sadiya;14.79444999988299;-17.280306700000004
Ecole coranique;14.804214399884144;-17.240424499999996
Ndiakirate Ndiobene;14.768204999879895;-17.2241691
École Franco-Darourahmane;14.729655799875337;-17.2635993
Franco-Arabe Mouhamadoul Amine;14.728785899875238;-17.264232299999996
École Coranique;14.714200099873516;-17.2729894
CEM Mansour Sy;14.713604399873448;-17.273072300000003
Groupe Scolaire Khadija;14.7131873998734;-17.2734116
Collège Mansour Sy;14.7132033998734;-17.2719827
CEM Academiciens;14.713041299873378;-17.2729704
CEM Matar Seck;14.712536799873323;-17.2712969
École Elémentaire Matar Seck;14.712453299873312;-17.2716693
Collège Académiciens;14.71157199987321;-17.2709121
Collège Hadji Omar Foutiyou Tall;14.712120299873273;-17.2702857
Centre d'Enseignement Technique Féminin;14.711997199873256;-17.270023899999998
Collège Technique Ibra Seck;14.712151499873277;-17.2699343
École de Coiffure Wa Ker Gui;14.711905299873244;-17.2695793
Daara El Hadji Ibrahima Sakho;14.711324399873178;-17.268426499999997
École cité imprimerie;14.732709999875704;-17.286328300000005
École primaire Charlemagne;14.729494699875326;-17.2904816
AUTO ACADEMIE - École de Formation;14.75268489987806;-17.286577899999997
Academie Idrissa Ben Yacine Diouf;14.763678199879356;-17.280829299999997
Christ Roi;14.761358199879082;-17.282157
Centre Islamisque Cheikh Mapathé Mbaye;14.763071299879282;-17.2839148
College nouvelle Vision;14.756443699878501;-17.2869159
Institut Scolaire La Source Du Savoir;14.755862099878437;-17.287445
Groupe scolaire Bougouma seck;14.733062099875745;-17.3184272
Cour Privée Les Majors;14.7309878998755;-17.3279071
Groupe Scolaire Mame Astou Maria;14.734388699875899;-17.3284824
Cour Privée Yaye Dado;14.733441899875793;-17.3273224
Cours Privés Mame Bousso;14.763824699879374;-17.3480505
École Privée Seydi Jamil;14.770212999880124;-17.352446099999998
Groupe scolaire Madiba school;14.756807499878546;-17.3644576
École Franco-Arabe Imam Sakhir Gaye (annexe);14.771862599880325;-17.3621036
Groupe scolaire Gaindé;14.779190699881184;-17.3620844
Groupe scolaire Angela Davis;14.774899399880681;-17.3601821
Groupe scolaire Keur Mame Arame;14.775087399880706;-17.360810599999997
Groupe scolaire Keur Mame Arame;14.774281299880606;-17.361178999999996
Franco-arabe Imam Sakhir GAYE;14.773096899880468;-17.3612671
Garderie Keur Yaye Sokhna Gueye;14.773993499880573;-17.359135299999995
Duɗal Ceerno Mansuur Dem;14.78156549988147;-17.358906099999995
Groupe scolaire Cherif Ousseynou Laye;14.781754699881493;-17.361526899999998
Groupe Scolaire Bichiri Keur Ya Nafi Layi;14.802868399883987;-17.342341
Centre d'éude Islamique;14.80086439988375;-17.3400411
Groupe Scolaire Cherif Ousseynou Laye;14.800835499883744;-17.3377184
Cours Privé Alioune Sitoe Diatta;14.799554999883593;-17.33754
Cours Privé Bara Sene Excellence;14.799682599883605;-17.3376586
CEM Malika Plage;14.802833099883982;-17.3376605
Cours Saint Valier;14.801514499883822;-17.3377785
Groupe Scolaire Bichri Keur Ya Nafi Lahi;14.802723299883967;-17.338823299999998
Mmson;14.798975499883522;-17.3386018
École Seydi Anta Gadiaga;14.795542899883118;-17.3378607
Institut Al Azard Education et Enseignement (Annexe de Malika);14.796181899883193;-17.336682799999995
École Franco-Arabe Sokhna Gadiaga;14.79191129988269;-17.338313
Institut Omar Ben Abdoul Aziz;14.790705799882545;-17.3351027
Daara Alkhourane;14.790579199882533;-17.3339494
Daara Baye Gueye;14.792094399882712;-17.3337469
Daara Alkhourane;14.792533299882765;-17.3323673
Alliance Pédagogique Limamoulaye (APL);14.79331589988286;-17.3325791
Keur Sallor Samba Sakhaïré;14.792582399882772;-17.331462399999996
Groupe scolaire Balolan;14.791486099882642;-17.3311498
Complexe scolaire les surdoués;14.790012899882468;-17.3327017
Chérif Abdoulaye Thiaw Laye;14.78783569988221;-17.3390794
Cours Privé Sanka;14.787372699882154;-17.337151499999997
Cours privée Sanka Plus;14.789827899882448;-17.336101
Cours privée Chérif Abdoulaye Thiaw Laye;14.788458299882283;-17.3384503
Groupe Scolaire Papa Saliou Ndiaye;14.788443799882284;-17.3393243
Cherif Abdoulaye Thiaw Laye;14.789075699882355;-17.338813799999997
Vision bilingue;14.778650399881126;-17.3444965
Compagnie des Trans;14.774200699880602;-17.343915899999995
Groupe Scolaire Kotary;14.787039499882114;-17.3283206
Institut Alamana;14.788644799882306;-17.328558499999996
Centre Cheikhal Islam ibn Taymiyya;14.788846599882326;-17.329144999999997
NULL;14.782665499881597;-17.3245463
NULL;14.782048299881524;-17.325241
IACOM;14.773264499880487;-17.3164545
Natangué;14.775309699880731;-17.314841199999996
Cours Privés Aïnoumady Excellence;14.775678699880775;-17.3121842
Cours Privés Aïnoumady Excellence;14.775458399880744;-17.312298099999996
La Familiale;14.773882799880562;-17.313167
École Franco-Arabe Yaye Amina;14.790228299882491;-17.3271131
Ecole Elémentaire Keur Balla;14.852966999889903;-17.226697
Ecole Elémentaire Benoba;14.85656849989033;-17.2180532
Ecole Elémentaire Keur Marème Mbengue;14.862766999891061;-17.210278
Ecole Franco-arabe;14.862951999891083;-17.212409
NULL;14.916183399897374;-17.1163344
